{"id":"2023-06-19T14:45:26.267Z_0930991310","Nombre":"Michael Aviles","Nacionalidad":"Ecuatoriana","Cedula":"0930991310","Direccion":"Mucho Lote 2","Telefono":"0960676644","Correo":"maviles@uees.edu.ec"}
{"id":"2023-06-21T02:47:18.263Z_0925032722","Nombre":"Josselyn Fajardo","Nacionalidad":"Ecuatoriana","Cedula":"0925032722","Direccion":"Mucho Lote 2","Telefono":"099999999","Correo":"josselyn.fajardo@uees.edu.ec"}
{"id":"2023-06-21T05:52:10.892Z_0969999999","Nombre":"Juan","Nacionalidad":"Perez","Cedula":"0969999999","Direccion":"Suburvio","Telefono":"0969999999","Correo":"jperez@ug.edu.ec"}
